{"mean": [38.64358543876172, 10.078088530363212, 1079.0676262233324, 87.50231358257237, 40.422382375824085], "scale": [13.71036957798689, 2.5709464361754084, 7451.942770267475, 403.0004265089569, 12.391317171262553], "numeric_cols": ["age", "educational-num", "capital-gain", "capital-loss", "hours-per-week"]}