{"mean": [38.58164675532078, 189778.36651208502, 10.0806793403151, 1077.6488437087312, 87.303829734959, 40.437455852092995], "scale": [13.640223092304275, 105548.3568808908, 2.5726808256012865, 7385.178676947626, 402.9540308274866, 12.34723907570799], "numeric_cols": ["age", "fnlwgt", "educationNum", "capitalGain", "capitalLoss", "hoursPerWeek"]}